{
  "K": [
    0.01,
    0.015283067326587688,
    0.023357214690901226,
    0.035696988468260644,
    0.0545559478116852,
    0.08337822234717891,
    0.12742749857031335,
    0.19474830399087562,
    0.29763514416313175,
    0.45487779470037754,
    0.6951927961775606,
    1.062467830894041,
    1.623776739188721,
    2.481628922836824,
    3.79269019073225,
    5.7963939533849675,
    8.858667904100823,
    13.538761800225432,
    20.69138081114788,
    31.622776601683793
  ],
  "rho_sum": [
    7.12354732165215e-11,
    8.138360044058194e-11,
    9.980149996667175e-11,
    1.3647089874863432e-10,
    2.2080597477454783e-10,
    4.6446108679223666e-10,
    1.4869899283820163e-09,
    9.868139494114808e-09,
    3.039272691558132e-07,
    0.0002762201281043584,
    0.0141898781021585,
    0.0103014054687862,
    0.0137154079452589,
    0.012771204021598936,
    0.011175156761396401,
    0.011455528223089394,
    0.011878236899324122,
    0.011710347270107169,
    0.011734269880684082,
    0.011706221488559689
  ],
  "sync": [
    0.0,
    0.0,
    0.0,
    0.0,
    0.0,
    0.0,
    0.0,
    0.0,
    0.0,
    0.0,
    0.0,
    0.0,
    0.0,
    0.0,
    0.0,
    0.0,
    0.0003333333333333333,
    0.0006666666666666666,
    0.0013333333333333333,
    0.002
  ],
  "delta_x": [
    NaN,
    NaN,
    NaN,
    NaN,
    NaN,
    NaN,
    NaN,
    NaN,
    NaN,
    NaN,
    NaN,
    NaN,
    NaN,
    NaN,
    NaN,
    NaN,
    NaN,
    NaN,
    NaN,
    NaN
  ]
}