{
  "noises": [
    0.0,
    0.13333333333333333,
    0.26666666666666666,
    0.4,
    0.5333333333333333,
    0.6666666666666666,
    0.8,
    0.9333333333333333,
    1.0666666666666667,
    1.2,
    1.3333333333333333,
    1.4666666666666666,
    1.6,
    1.7333333333333334,
    1.8666666666666667,
    2.0
  ],
  "coupling": 0.8,
  "results": [
    {
      "R": 0.19498793412013316,
      "mean_rho": 0.24531266803865232,
      "rho_per_particle": [
        0.25828277493456664,
        0.2582202855770498,
        0.25487268097791765,
        0.2579563075351324,
        0.25442283690334777,
        0.23339811484996048,
        0.2224339685465419,
        0.2309735134583044,
        0.2345762595569296,
        0.24798993804677263
      ],
      "crossing_rate": 0.0041333333333333335,
      "locked_frac": 0.3715046604527297,
      "final_thetas": [
        33.07966096488082,
        -15.93927767457277,
        -15.612677885657318,
        -11.388956774773922,
        -16.429061692608826,
        -12.645431346839175,
        -8.087678438504184,
        -13.497320378644673,
        4.613946360385018,
        -13.604830060903819
      ]
    },
    {
      "R": 0.09649144666401077,
      "mean_rho": 0.24220273896121802,
      "rho_per_particle": [
        0.25859176591660865,
        0.25225761965666293,
        0.24784261223824244,
        0.25492682001095596,
        0.25144792509808195,
        0.23036827593944043,
        0.2249881895705731,
        0.22698529822671465,
        0.2335142972140951,
        0.24110458574080454
      ],
      "crossing_rate": 0.0044,
      "locked_frac": 0.35792276964047937,
      "final_thetas": [
        31.60287128865547,
        -17.1817329026647,
        -16.894406845756304,
        -11.819767795893926,
        -15.260936377285596,
        -13.159005353621211,
        -10.990874882881547,
        -13.117634978170317,
        -3.6693672565536652,
        -12.488294829170883
      ]
    },
    {
      "R": 0.09640485377766451,
      "mean_rho": 0.19454147806143934,
      "rho_per_particle": [
        0.1848184961194604,
        0.2037618597277764,
        0.20514790961870635,
        0.19714094850633668,
        0.20446464552980853,
        0.18208151957485202,
        0.1821614323188876,
        0.19261373970018583,
        0.20091002527388976,
        0.19231420424448992
      ],
      "crossing_rate": 0.0024666666666666665,
      "locked_frac": 0.33262316910785616,
      "final_thetas": [
        9.38066731600111,
        -15.970227372537478,
        -14.192316245602862,
        -12.955541932127879,
        -18.20918659776356,
        -13.477266791011576,
        -13.305385919590579,
        -14.971623626618968,
        -0.44237726159809,
        -13.333047138843051
      ]
    },
    {
      "R": 0.11328261399532902,
      "mean_rho": 0.32845907191455187,
      "rho_per_particle": [
        0.297946451271802,
        0.32024444206655517,
        0.31085659637204804,
        0.35916590852955793,
        0.3190134872392208,
        0.3249443826501849,
        0.349520224462741,
        0.30977353758355985,
        0.3719974825331777,
        0.32112820643667167
      ],
      "crossing_rate": 0.06746666666666666,
      "locked_frac": 0.3540612516644474,
      "final_thetas": [
        14.818204791731516,
        -11.799406827839572,
        -15.909548186753694,
        -11.053049553825085,
        -14.511001091739876,
        -14.591825918173486,
        -7.954033129298568,
        -12.185243283207257,
        1479.980435526679,
        -4.765424517110101
      ]
    },
    {
      "R": 0.08768061768521862,
      "mean_rho": 0.24035840409490325,
      "rho_per_particle": [
        0.264397110461208,
        0.27318108501424815,
        0.23175439088273841,
        0.26807267365350307,
        0.25365174601075635,
        0.21299058354528566,
        0.2424265083366174,
        0.19004189830794038,
        0.22505685881686482,
        0.24201118591987045
      ],
      "crossing_rate": 0.0036666666666666666,
      "locked_frac": 0.31491344873502,
      "final_thetas": [
        21.70546998958777,
        -18.33650944987602,
        -18.062149926357367,
        -13.515671466797405,
        -14.966502502185918,
        -14.123201110983203,
        -11.997155780006363,
        -15.134659313845079,
        -2.0786756529776484,
        -16.902541393248406
      ]
    },
    {
      "R": 0.07644299163673395,
      "mean_rho": 0.12948527720111241,
      "rho_per_particle": [
        0.11796708418307973,
        0.12443981734521312,
        0.13863183691444161,
        0.15359715268480373,
        0.14228725741637868,
        0.12553093479867602,
        0.14048341419961954,
        0.1062522305725361,
        0.10735696679497096,
        0.13830607710140472
      ],
      "crossing_rate": 0.0019333333333333333,
      "locked_frac": 0.3083888149134487,
      "final_thetas": [
        -6.035511892084653,
        -16.298299399120925,
        -15.992800988662148,
        -13.690363515244128,
        -18.892080654570847,
        -14.229615470356002,
        -14.101014333120505,
        -15.425629848472227,
        -0.9752856503771218,
        -14.10624902210718
      ]
    },
    {
      "R": 0.07113641498034261,
      "mean_rho": 0.34112011247821383,
      "rho_per_particle": [
        0.3326990274804617,
        0.38561020013926994,
        0.3693413987667717,
        0.34262316195450787,
        0.30848127283709426,
        0.24480541807674316,
        0.3481201926616115,
        0.3381851577991115,
        0.36034594749151505,
        0.38098934757505193
      ],
      "crossing_rate": 0.0064,
      "locked_frac": 0.3503328894806924,
      "final_thetas": [
        0.5756219899178494,
        -0.3328090432669922,
        -7.794897421613756,
        -7.621244890316581,
        -12.010832483726562,
        -7.594819434035793,
        -5.115035187076196,
        -8.573845312815594,
        15.398762118166944,
        -5.091222924377185
      ]
    },
    {
      "R": 0.091414099282362,
      "mean_rho": 0.42063883777469685,
      "rho_per_particle": [
        0.3798596914291503,
        0.4773847205023937,
        0.4527761405829263,
        0.4622067307704492,
        0.37715250890888957,
        0.4584205269219251,
        0.38742513564135533,
        0.4298608436788997,
        0.3722709424371498,
        0.4090311368738291
      ],
      "crossing_rate": 0.006533333333333334,
      "locked_frac": 0.34753661784287615,
      "final_thetas": [
        1.4439701001552905,
        25.26361744314377,
        -9.48385230825088,
        -9.345811425642415,
        -6.573909827449493,
        -9.02059814202215,
        -11.710362547458537,
        -4.491750035743688,
        7.342522387925685,
        -13.424898483577245
      ]
    },
    {
      "R": 0.054376422786156536,
      "mean_rho": 0.14765483833794985,
      "rho_per_particle": [
        0.11144591713669769,
        0.15532764405160185,
        0.15269664810903666,
        0.13163477174217958,
        0.1627328318253955,
        0.15864991138973814,
        0.16680668249847555,
        0.14529217135358694,
        0.17068461804293847,
        0.12127718722984844
      ],
      "crossing_rate": 0.003933333333333333,
      "locked_frac": 0.2833555259653795,
      "final_thetas": [
        0.5691447977119124,
        -11.255591563582225,
        -18.39090403460429,
        -15.76656069630883,
        -15.952804073044058,
        -13.869366865315508,
        -12.806503115829871,
        -16.197694225058793,
        15.96838294936016,
        -13.238218881346969
      ]
    },
    {
      "R": 0.07231467137466593,
      "mean_rho": 0.15912179011454083,
      "rho_per_particle": [
        0.13973363192143462,
        0.17543199271717771,
        0.16988403193755977,
        0.187723699524331,
        0.16076211607183927,
        0.1604168869296004,
        0.15237634044565157,
        0.13387735012172214,
        0.15344855016874553,
        0.15756330130734644
      ],