{
  "couplings": [
    0.0,
    0.1,
    0.2,
    0.30000000000000004,
    0.4,
    0.5,
    0.6000000000000001,
    0.7000000000000001,
    0.8,
    0.9,
    1.0,
    1.1,
    1.2000000000000002,
    1.3,
    1.4000000000000001,
    1.5
  ],
  "results": [
    {
      "R": 0.07548070152188349,
      "mean_rho": 0.27400190857597306,
      "rho_per_particle": [
        0.2803603956220758,
        0.16077042815838213,
        0.24079222588303628,
        0.42222558995495835,
        0.18136725422179636,
        0.19680599484785777,
        0.6308761306814515,
        0.021221012804806885,
        0.3428331587911039,
        0.26276689479426124
      ],
      "crossing_rate": 0.030733333333333335,
      "locked_frac": 0.8150466045272969,
      "final_thetas": [
        10.806512312777658,
        4.2939571751713626,
        4.971439308304674,
        13.297493638458429,
        6.372622921475943,
        2.6422309952665612,
        689.9465088226276,
        4.336356008378014,
        13.56741022383452,
        6.409276402988176
      ]
    },
    {
      "R": 0.20635816731208173,
      "mean_rho": 0.2956829564236875,
      "rho_per_particle": [
        0.2819991972055154,
        0.4728953445036212,
        0.27782644278205654,
        0.18615734672252063,
        0.45059853306422104,
        0.22937160158264344,
        0.29668914089757176,
        0.21551419781358933,
        0.34895345586964316,
        0.1968243037954926
      ],
      "crossing_rate": 0.0144,
      "locked_frac": 0.673901464713715,
      "final_thetas": [
        23.823342680711942,
        3.1088356236830497,
        1.8633052356231994,
        0.8208253732807221,
        11.627607693930425,
        4.839849687196637,
        277.36317489534986,
        5.037070443088851,
        12.64797035322656,
        3.5653446767455423
      ]
    },
    {
      "R": 0.27343393916454795,
      "mean_rho": 0.2526849044799938,
      "rho_per_particle": [
        0.2561929474993076,
        0.34960364217426243,
        0.19055036390946695,
        0.2536777304213302,
        0.2148236664977888,
        0.24280405029209623,
        0.20695934349471437,
        0.2092686851548029,
        0.35451547969865216,
        0.24845313565751687
      ],
      "crossing_rate": 0.0672,
      "locked_frac": 0.5782956058588549,
      "final_thetas": [
        30.817569193542603,
        4.9423027282231065,
        -3.0808804017274865,
        2.1306633673181543,
        -2.3603453808665966,
        -0.17047958161823415,
        682.823198703806,
        2.818311669989329,
        844.2213193935663,
        -0.06357326303819454
      ]
    },
    {
      "R": 0.10474554680047676,
      "mean_rho": 0.19820816828351764,
      "rho_per_particle": [
        0.2640376663076699,
        0.29046517190633364,
        0.1521362366169488,
        0.22095466712070053,
        0.152852160805108,
        0.16910559909068676,
        0.15284395323705613,
        0.17528732184884818,
        0.24738728910364893,
        0.1570116167981754
      ],
      "crossing_rate": 0.05226666666666667,
      "locked_frac": 0.36471371504660455,
      "final_thetas": [
        37.327710482945086,
        8.36603366370634,
        -4.219835500769485,
        -0.6788221346484637,
        -5.5383242114532605,
        -2.5704617877802103,
        466.104980252896,
        -0.11440620237814796,
        684.1222991756586,
        -2.570544163106247
      ]
    },
    {
      "R": 0.25141972101476084,
      "mean_rho": 0.17915810349861566,
      "rho_per_particle": [
        0.20745245960987466,
        0.1732453210860095,
        0.19272769266993717,
        0.18424611069266636,
        0.16886868927337703,
        0.15940753881478759,
        0.16414647068529364,
        0.18963625624522829,
        0.16845346563909497,
        0.1833970302698872
      ],
      "crossing_rate": 0.025933333333333333,
      "locked_frac": 0.35392809587217045,
      "final_thetas": [
        24.233587387125038,
        -6.977963385010534,
        -6.559398742791641,
        -2.2145433741255736,
        -7.546438801135088,
        -4.2946887018584405,
        -3.5055288492006147,
        -6.922951229115311,
        557.3350355598301,
        -4.070498221342268
      ]
    },
    {
      "R": 0.23868203967303836,
      "mean_rho": 0.24433046696294886,
      "rho_per_particle": [
        0.2559338977961508,
        0.2470489619208122,
        0.233694428507879,
        0.252721854550775,
        0.22942034819454277,
        0.26469775699311254,
        0.21708865063542188,
        0.2468803704698554,
        0.2547069620586755,
        0.24111143850226358
      ],
      "crossing_rate": 0.03833333333333333,
      "locked_frac": 0.3841544607190413,
      "final_thetas": [
        32.014165547358495,
        -7.1509079606388415,
        -9.507615005181918,
        -1.207525519782921,
        -8.065378028970397,
        -5.292387427336986,
        -1.9367258633857638,
        -6.37524627669313,
        820.2104767554773,
        -5.252088049335932
      ]
    },
    {
      "R": 0.14301760100042077,
      "mean_rho": 0.25785678074594465,
      "rho_per_particle": [
        0.257459777983676,
        0.25963202368236277,
        0.2605213288894247,
        0.24501378083134054,
        0.23803934196694912,
        0.27418634728987346,
        0.2326127520056024,
        0.29212453807563876,
        0.2524484465100246,
        0.26652947022455376
      ],
      "crossing_rate": 0.031,
      "locked_frac": 0.3788282290279627,
      "final_thetas": [
        35.67210070184863,
        -9.006416276071983,
        -10.682032988048663,
        -1.8567087304518959,
        -10.240465230361256,
        -7.656445342173703,
        -6.319719488580662,
        -10.882921509783248,
        632.7133749137989,
        -9.079044695046958
      ]
    },
    {
      "R": 0.18007039096569732,
      "mean_rho": 0.1972013436143601,
      "rho_per_particle": [
        0.20659667900766143,
        0.19710594043117075,
        0.21341050758480143,
        0.21063013354242965,
        0.20056769967538252,
        0.1760017270598923,
        0.18771578405422015,
        0.2208749809622688,
        0.17597246574094516,
        0.18313751808482892
      ],
      "crossing_rate": 0.0019333333333333333,
      "locked_frac": 0.3362183754993342,
      "final_thetas": [
        -1.47745329117959,
        -12.913264558636444,
        -12.406453453117388,
        -10.770352339637423,
        -14.00513193197046,
        -11.920109813447388,
        -11.574839766990008,
        -12.75082064542684,
        1.6105258130285964,
        -11.668327901988631
      ]
    },
    {
      "R": 0.1749054020823923,
      "mean_rho": 0.24675070426338852,
      "rho_per_particle": [
        0.2584132868718766,
        0.2565912931091304,
        0.2672598755489761,
        0.25454845813694943,
        0.24776728930745515,
        0.2562702092205805,
        0.21924700329726912,
        0.23729499574214652,
        0.21974140941942824,
        0.250373221980073
      ],
      "crossing_rate": 0.0038,
      "locked_frac": 0.33901464713715046,
      "final_thetas": [
        28.28218472278106,
        -16.965437345104792,
        -16.29873487259709,
        -18.225822588321403,
        -18.7137023972023,
        -14.11074561081927,
        -9.686688212881728,
        -13.580529989400285,
        2.5959595113786618,
        -13.84479346678654
      ]
    },
    {
      "R": 0.0017888952822145854,
      "mean_rho": 0.23606795665959276,
      "rho_per_particle": [
        0.24462312251941126,
        0.23405758189494394,
        0.22542849927816536,
        0.23595360941060192,
        0.23595770078120476,
        0.2302143898211951,
        0.24623395237381188,
        0.23302550112915,
        0.22896010770259076,
        0.24622510168485287
      ],
      "crossing_rate": 0.0028666666666666667,
      "locked_frac": 0.2611185086551265,