{
  "drift_sweep": {
    "drifts": [
      0.05,
      0.13636363636363635,
      0.22272727272727272,
      0.3090909090909091,
      0.39545454545454545,
      0.4818181818181818,
      0.5681818181818182,
      0.6545454545454545,
      0.740909090909091,
      0.8272727272727274,
      0.9136363636363637,
      1.0
    ],
    "accuracies": [
      0.6190476190476191,
      0.7653061224489796,
      0.8542713567839196,
      0.9,
      0.97,
      0.9798994974874372,
      1.0,
      1.0,
      0.99,
      1.0,
      1.0,
      1.0
    ],
    "mean_rts": [
      3.1901269841269695,
      3.4777193877551102,
      3.0595276381909136,
      2.66196499999993,
      2.213059999999909,
      2.0105125628139886,
      1.7967599999999253,
      1.446049999999948,
      1.3031149999999536,
      1.2467599999999583,
      1.1767999999999685,
      1.0258149999999802
    ]
  },
  "single_trial_rt": 4.188999999999734,
  "single_trial_choice": -1
}