{
  "noise": [
    0.001,
    0.001333521432163324,
    0.0017782794100389228,
    0.0023713737056616554,
    0.0031622776601683794,
    0.004216965034285823,
    0.005623413251903491,
    0.007498942093324558,
    0.01,
    0.01333521432163324,
    0.01778279410038923,
    0.023713737056616554,
    0.03162277660168379,
    0.042169650342858224,
    0.05623413251903491,
    0.07498942093324558,
    0.1,
    0.1333521432163324,
    0.1778279410038923,
    0.23713737056616552,
    0.31622776601683794,
    0.4216965034285822,
    0.5623413251903491,
    0.7498942093324559,
    1.0
  ],
  "rho_mean": [
    1.3900693958016529e-11,
    1.3894130365111756e-11,
    1.3911143934472358e-11,
    1.3943597540586777e-11,
    1.3952511360457954e-11,
    1.4033027059343761e-11,
    1.4209449090775382e-11,
    1.4433089583551312e-11,
    1.5010205042709084e-11,
    1.584526682994825e-11,
    1.768726323851373e-11,
    2.0657164101680454e-11,
    2.2198083214130778e-11,
    4.823836334807573e-11,
    1.4200433237698851e-10,
    5.023297000635709e-10,
    6.841328998370479e-10,
    1.69155930844304e-08,
    4.852520237294067e-07,
    0.0011301789933794938,
    0.020702857094146217,
    0.09956507798915368,
    0.0360575208659955,
    0.1004659534876453,
    0.09906601947159396
  ],
  "rho_std": [
    5.51298747703976e-13,
    6.586442814424973e-13,
    8.000813453659951e-13,
    1.1594636086305388e-12,
    1.4989235669542748e-12,
    2.0478436453919303e-12,
    2.874949900975082e-12,
    3.912609295226296e-12,
    6.109372665614883e-12,
    8.615867176925385e-12,
    1.5023394382467963e-11,
    2.116759654574614e-11,
    2.6344591138152685e-11,
    1.4743954587214028e-10,
    5.61267675334992e-10,
    3.324623786928302e-09,
    3.6710524798339976e-09,
    1.7500538989610162e-07,
    4.809564102248469e-06,
    0.016473448573089317,
    0.12384189213769478,
    0.2420620254712465,
    0.1440271980246632,
    0.2491044803012136,
    0.2425922834683139
  ],
  "crossing_rate": [
    0.0,
    0.0,
    0.0,
    0.0,
    0.0,
    0.0,
    0.0,
    0.0,
    0.0,
    0.0,
    0.0,
    0.0,
    0.0,
    0.0,
    0.0,
    0.0,
    0.0,
    0.0,
    0.0,
    0.0,
    0.0,
    0.0,
    0.0,
    0.001,
    0.0015
  ],
  "x_mean": [
    -1.4142052651875,
    -1.41417827221758,
    -1.4142032974038092,
    -1.4141864475327839,
    -1.4144512133811338,
    -1.4143179410662505,
    -1.41418950343906,
    -1.4142591497941512,
    -1.4139639299629057,
    -1.413523655806292,
    -1.4148395764047716,
    -1.4141425343942902,
    -1.4142761240439317,
    -1.4092571913040597,
    -1.4080406308170244,
    -1.4113163478526376,
    -1.4117745326369295,
    -1.394891336975178,
    -1.3768048274206701,
    -1.349870666049184,
    0.5393318931350362,
    0.8430129245572093,
    1.259137267803537,
    -0.7021188677849262,
    -0.24413925011061438
  ]
}