{
  "N": 80,
  "correlation": 0.555942490148642,
  "mean_crease_count": 14.7,
  "mean_speed": 0.40039124604137993,
  "theta_std": 1.9722115167998069
}