{
  "lambdas": [
    0.3,
    0.3628571428571429,
    0.4257142857142857,
    0.48857142857142855,
    0.5514285714285714,
    0.6142857142857143,
    0.6771428571428572,
    0.74,
    0.8028571428571429,
    0.8657142857142857,
    0.9285714285714286,
    0.9914285714285715,
    1.0542857142857143,
    1.1171428571428572,
    1.1800000000000002,
    1.2428571428571429,
    1.3057142857142858,
    1.3685714285714288,
    1.4314285714285715,
    1.4942857142857144,
    1.5571428571428572,
    1.62,
    1.682857142857143,
    1.7457142857142858,
    1.8085714285714287,
    1.8714285714285717,
    1.9342857142857144,
    1.9971428571428573,
    2.06,
    2.1228571428571428,
    2.185714285714286,
    2.2485714285714287,
    2.3114285714285714,
    2.374285714285714,
    2.4371428571428573,
    2.5
  ],
  "forward_crease": [
    0.04409114583333334,
    0.10085156249999999,
    0.12043489583333333,
    0.14567968750000002,
    0.15067447916666668,
    0.155234375,
    0.15658072916666668,
    0.15723697916666665,
    0.15736458333333334,
    0.15729166666666666,
    0.1572421875,
    0.15726822916666666,
    0.1572421875,
    0.15741666666666668,
    0.15736197916666667,
    0.15735156250000001,
    0.15632291666666667,
    0.14998697916666667,
    0.14827604166666666,
    0.14597135416666665,
    0.13945572916666668,
    0.12383854166666668,
    0.10949739583333333,
    0.09648697916666667,
    0.0650859375,
    0.028317708333333334,
    0.012640625,
    0.0056640625,
    0.0026458333333333334,
    0.0011953125,
    0.0005208333333333333,
    0.000203125,
    0.000109375,
    3.6458333333333336e-05,
    1.8229166666666668e-05,
    1.3020833333333334e-05
  ],
  "reverse_crease": [
    0.0,
    2.6041666666666666e-06,
    0.0,
    0.0,
    0.0,
    0.0,
    0.0,
    0.0,
    0.0,
    0.0,
    0.0,
    0.0,
    0.0,
    0.0,
    0.0,
    0.0,
    0.0,
    0.0,
    0.0,
    0.0,
    0.0,
    0.0,
    0.0,
    0.0,
    0.0,
    0.0,
    0.0,
    0.0,
    0.0,
    0.0,
    0.0,
    0.0,
    0.0,
    0.0,
    0.0,
    0.0
  ],
  "forward_acc": [
    0.5605,
    0.4945,
    0.4815,
    0.515,
    0.515,
    0.515,
    0.515,
    0.515,
    0.515,
    0.515,
    0.515,
    0.515,
    0.515,
    0.515,
    0.515,
    0.515,
    0.515,
    0.515,
    0.515,
    0.485,
    0.485,
    0.485,
    0.485,
    0.523,
    0.469,
    0.4995,
    0.7605,
    0.769,
    0.761,
    0.748,
    0.74,
    0.735,
    0.7345,
    0.733,
    0.733,
    0.733
  ],
  "reverse_acc": [
    0.733,
    0.733,
    0.733,
    0.733,
    0.733,
    0.733,
    0.733,
    0.733,
    0.733,
    0.733,
    0.733,
    0.733,
    0.733,
    0.733,
    0.733,
    0.733,
    0.733,
    0.733,
    0.733,
    0.733,
    0.733,
    0.733,
    0.733,
    0.733,
    0.733,
    0.733,
    0.733,
    0.733,
    0.733,
    0.733,
    0.733,
    0.733,
    0.733,
    0.733,
    0.733,
    0.733
  ],
  "baseline_crease": 0.009817708333333333,
  "baseline_acc": 0.8135,
  "hysteresis_area": 0.21708058035714287,
  "mean_gap": 0.09654463252314816,
  "max_gap": 0.15741666666666668,
  "peak_lambda": 1.1171428571428572
}